./data/data/audio\flute trumpet\8Oy-rsKES5I.mp3,./data/data/frames\flute trumpet\8Oy-rsKES5I.mp4,1349
./data/data/audio\flute violin\kGAREuYVNDY.mp3,./data/data/frames\flute violin\kGAREuYVNDY.mp4,1514
./data/data/audio\xylophone\QoFHDWgxD9w.mp3,./data/data/frames\xylophone\QoFHDWgxD9w.mp4,1301
./data/data/audio\saxophone acoustic_guitar\lMQVRb2mz44.mp3,./data/data/frames\saxophone acoustic_guitar\lMQVRb2mz44.mp4,1031
./data/data/audio\erhu\-SzFwDekTGo.mp3,./data/data/frames\erhu\-SzFwDekTGo.mp4,1354
./data/data/audio\flute\sybsjsj1zPo.mp3,./data/data/frames\flute\sybsjsj1zPo.mp4,1704
./data/data/audio\accordion\fful4o8CIW8.mp3,./data/data/frames\accordion\fful4o8CIW8.mp4,743
./data/data/audio\trumpet\I2QXo4mGeRE.mp3,./data/data/frames\trumpet\I2QXo4mGeRE.mp4,214
./data/data/audio\clarinet acoustic_guitar\HihdcTYa-8k.mp3,./data/data/frames\clarinet acoustic_guitar\HihdcTYa-8k.mp4,1719
./data/data/audio\cello\DPSLdZBaQTM.mp3,./data/data/frames\cello\DPSLdZBaQTM.mp4,1742
./data/data/audio\acoustic_guitar\1OsOEt5Qpfc.mp3,./data/data/frames\acoustic_guitar\1OsOEt5Qpfc.mp4,1251
./data/data/audio\acoustic_guitar\HGlIImajcRI.mp3,./data/data/frames\acoustic_guitar\HGlIImajcRI.mp4,1570
./data/data/audio\violin\-_jlqeSs6ZU.mp3,./data/data/frames\violin\-_jlqeSs6ZU.mp4,615
./data/data/audio\flute\3wPouBFa9U0.mp3,./data/data/frames\flute\3wPouBFa9U0.mp4,738
./data/data/audio\clarinet\iLeEWSC2M2U.mp3,./data/data/frames\clarinet\iLeEWSC2M2U.mp4,463
./data/data/audio\flute\UZK_2bTuzrI.mp3,./data/data/frames\flute\UZK_2bTuzrI.mp4,300
./data/data/audio\clarinet acoustic_guitar\S3ZIb96M6Ag.mp3,./data/data/frames\clarinet acoustic_guitar\S3ZIb96M6Ag.mp4,1563
./data/data/audio\clarinet acoustic_guitar\za7phW3V0xE.mp3,./data/data/frames\clarinet acoustic_guitar\za7phW3V0xE.mp4,1667
./data/data/audio\violin\8mDNLCo1McQ.mp3,./data/data/frames\violin\8mDNLCo1McQ.mp4,883
./data/data/audio\cello\Mff3pp-Fj2w.mp3,./data/data/frames\cello\Mff3pp-Fj2w.mp4,802
./data/data/audio\xylophone flute\whkxXZq4bKg.mp3,./data/data/frames\xylophone flute\whkxXZq4bKg.mp4,1118
./data/data/audio\trumpet\U2NMdF5yzdE.mp3,./data/data/frames\trumpet\U2NMdF5yzdE.mp4,470
./data/data/audio\cello\XS_dSmZ0xbw.mp3,./data/data/frames\cello\XS_dSmZ0xbw.mp4,1873
./data/data/audio\trumpet tuba\o3a6F070Xt0.mp3,./data/data/frames\trumpet tuba\o3a6F070Xt0.mp4,782
./data/data/audio\xylophone\894n_sDSEc0.mp3,./data/data/frames\xylophone\894n_sDSEc0.mp4,1048
./data/data/audio\cello\PEyIPSlJNQM.mp3,./data/data/frames\cello\PEyIPSlJNQM.mp4,1288
./data/data/audio\acoustic_guitar\1TBxNBIUx3o.mp3,./data/data/frames\acoustic_guitar\1TBxNBIUx3o.mp4,993
./data/data/audio\accordion\yn1NaZWN_qQ.mp3,./data/data/frames\accordion\yn1NaZWN_qQ.mp4,652
./data/data/audio\trumpet\889Kxn_RYzo.mp3,./data/data/frames\trumpet\889Kxn_RYzo.mp4,195
./data/data/audio\erhu\2D2ALfuqDpk.mp3,./data/data/frames\erhu\2D2ALfuqDpk.mp4,683
./data/data/audio\trumpet\EwG7o3SS-r0.mp3,./data/data/frames\trumpet\EwG7o3SS-r0.mp4,716
./data/data/audio\cello\-3V-vUMkHqk.mp3,./data/data/frames\cello\-3V-vUMkHqk.mp4,171
./data/data/audio\acoustic_guitar violin\o7YS-fzv5_k.mp3,./data/data/frames\acoustic_guitar violin\o7YS-fzv5_k.mp4,1152
./data/data/audio\clarinet acoustic_guitar\apGScvWeLaE.mp3,./data/data/frames\clarinet acoustic_guitar\apGScvWeLaE.mp4,1440
./data/data/audio\accordion\Z_yNLFYjpsY.mp3,./data/data/frames\accordion\Z_yNLFYjpsY.mp4,846
./data/data/audio\clarinet\ZYMb7ZJkJgc.mp3,./data/data/frames\clarinet\ZYMb7ZJkJgc.mp4,1072
./data/data/audio\xylophone\fhf2cx9t4vY.mp3,./data/data/frames\xylophone\fhf2cx9t4vY.mp4,169
./data/data/audio\flute\8o5ngxZaYYw.mp3,./data/data/frames\flute\8o5ngxZaYYw.mp4,689
./data/data/audio\trumpet\wEF6fWnx_wY.mp3,./data/data/frames\trumpet\wEF6fWnx_wY.mp4,703
./data/data/audio\tuba\GSol2w0QnJE.mp3,./data/data/frames\tuba\GSol2w0QnJE.mp4,464
./data/data/audio\xylophone\XmjMGVv3TLk.mp3,./data/data/frames\xylophone\XmjMGVv3TLk.mp4,880
./data/data/audio\clarinet\cEhrpbRf-DY.mp3,./data/data/frames\clarinet\cEhrpbRf-DY.mp4,610
./data/data/audio\cello\EtP6JBWtd7s.mp3,./data/data/frames\cello\EtP6JBWtd7s.mp4,1486
./data/data/audio\clarinet\D6YQ6WwWZrk.mp3,./data/data/frames\clarinet\D6YQ6WwWZrk.mp4,687
./data/data/audio\saxophone acoustic_guitar\cNLX70EhWtg.mp3,./data/data/frames\saxophone acoustic_guitar\cNLX70EhWtg.mp4,1787
./data/data/audio\violin\X2gQ8Jnk2P8.mp3,./data/data/frames\violin\X2gQ8Jnk2P8.mp4,1053
./data/data/audio\accordion\2gyrqiqTuiM.mp3,./data/data/frames\accordion\2gyrqiqTuiM.mp4,1673
./data/data/audio\flute\BhXj3rVWGZ0.mp3,./data/data/frames\flute\BhXj3rVWGZ0.mp4,1146
./data/data/audio\clarinet\82pGU0POQSM.mp3,./data/data/frames\clarinet\82pGU0POQSM.mp4,728
./data/data/audio\acoustic_guitar\MJmVYLWPnCI.mp3,./data/data/frames\acoustic_guitar\MJmVYLWPnCI.mp4,627
./data/data/audio\tuba\KrlDeCWv9ak.mp3,./data/data/frames\tuba\KrlDeCWv9ak.mp4,1459
./data/data/audio\cello\Mh2tJbJiWQQ.mp3,./data/data/frames\cello\Mh2tJbJiWQQ.mp4,1473
./data/data/audio\flute\d5IO46KfjR4.mp3,./data/data/frames\flute\d5IO46KfjR4.mp4,790
./data/data/audio\violin\rxr5tTH8_mM.mp3,./data/data/frames\violin\rxr5tTH8_mM.mp4,1826
./data/data/audio\erhu\JEDgAVcR_yE.mp3,./data/data/frames\erhu\JEDgAVcR_yE.mp4,317
./data/data/audio\cello\FntHqAlD1S0.mp3,./data/data/frames\cello\FntHqAlD1S0.mp4,1115
./data/data/audio\cello\Rj5XJO5T8PY.mp3,./data/data/frames\cello\Rj5XJO5T8PY.mp4,1044
./data/data/audio\acoustic_guitar violin\XgU1dc7eys0.mp3,./data/data/frames\acoustic_guitar violin\XgU1dc7eys0.mp4,1049
./data/data/audio\cello\I0LedcEaPL0.mp3,./data/data/frames\cello\I0LedcEaPL0.mp4,1460
./data/data/audio\violin\2ZxAVUsuE4Y.mp3,./data/data/frames\violin\2ZxAVUsuE4Y.mp4,753
./data/data/audio\xylophone\loCRmBvtHZ4.mp3,./data/data/frames\xylophone\loCRmBvtHZ4.mp4,1183
./data/data/audio\tuba\P_lSgczU2Sk.mp3,./data/data/frames\tuba\P_lSgczU2Sk.mp4,357
./data/data/audio\saxophone acoustic_guitar\wzNBinIsa3c.mp3,./data/data/frames\saxophone acoustic_guitar\wzNBinIsa3c.mp4,1304
./data/data/audio\tuba\DVrCy36Uigo.mp3,./data/data/frames\tuba\DVrCy36Uigo.mp4,941
./data/data/audio\saxophone\x5Bzb6R73JQ.mp3,./data/data/frames\saxophone\x5Bzb6R73JQ.mp4,682
./data/data/audio\acoustic_guitar\26HLgXWF-Co.mp3,./data/data/frames\acoustic_guitar\26HLgXWF-Co.mp4,1265
./data/data/audio\tuba\Aibr0BCz-Yk.mp3,./data/data/frames\tuba\Aibr0BCz-Yk.mp4,1465
./data/data/audio\clarinet\0IRJ75zgcAY.mp3,./data/data/frames\clarinet\0IRJ75zgcAY.mp4,1423
./data/data/audio\accordion\1LnKd5cuqIc.mp3,./data/data/frames\accordion\1LnKd5cuqIc.mp4,1245
./data/data/audio\cello acoustic_guitar\6KbXiT12LQ8.mp3,./data/data/frames\cello acoustic_guitar\6KbXiT12LQ8.mp4,1081
./data/data/audio\cello\4Oy5VmaacaI.mp3,./data/data/frames\cello\4Oy5VmaacaI.mp4,1208
./data/data/audio\acoustic_guitar violin\os3aGWhaxhY.mp3,./data/data/frames\acoustic_guitar violin\os3aGWhaxhY.mp4,2634
./data/data/audio\cello\TBngVoy_GrE.mp3,./data/data/frames\cello\TBngVoy_GrE.mp4,879
./data/data/audio\trumpet\R9VbtH2rw74.mp3,./data/data/frames\trumpet\R9VbtH2rw74.mp4,450
./data/data/audio\cello\U2s_4d0ZLT8.mp3,./data/data/frames\cello\U2s_4d0ZLT8.mp4,1482
./data/data/audio\erhu\YLTpkQqX_ek.mp3,./data/data/frames\erhu\YLTpkQqX_ek.mp4,594
./data/data/audio\cello\M3YZEmQyt6c.mp3,./data/data/frames\cello\M3YZEmQyt6c.mp4,1668
./data/data/audio\cello acoustic_guitar\bLjS6E6c0IA.mp3,./data/data/frames\cello acoustic_guitar\bLjS6E6c0IA.mp4,1518
./data/data/audio\trumpet\ENnSwgLc2B4.mp3,./data/data/frames\trumpet\ENnSwgLc2B4.mp4,304
./data/data/audio\erhu\8rb-thew50c.mp3,./data/data/frames\erhu\8rb-thew50c.mp4,639
./data/data/audio\flute trumpet\U4RSnhRVUR0.mp3,./data/data/frames\flute trumpet\U4RSnhRVUR0.mp4,1083
./data/data/audio\clarinet acoustic_guitar\AIcISC49phE.mp3,./data/data/frames\clarinet acoustic_guitar\AIcISC49phE.mp4,2158
./data/data/audio\clarinet\KZgthaW2mKY.mp3,./data/data/frames\clarinet\KZgthaW2mKY.mp4,884
./data/data/audio\saxophone\FR_1gEaBeeE.mp3,./data/data/frames\saxophone\FR_1gEaBeeE.mp4,778
./data/data/audio\flute\cTO_2R81fdY.mp3,./data/data/frames\flute\cTO_2R81fdY.mp4,714
./data/data/audio\clarinet\ZXz0cVq_RTI.mp3,./data/data/frames\clarinet\ZXz0cVq_RTI.mp4,494
./data/data/audio\flute\wEzEcfz1QS0.mp3,./data/data/frames\flute\wEzEcfz1QS0.mp4,1338
./data/data/audio\saxophone acoustic_guitar\DK6cSN_7lwk.mp3,./data/data/frames\saxophone acoustic_guitar\DK6cSN_7lwk.mp4,551
./data/data/audio\tuba\InzjAr8VdvY.mp3,./data/data/frames\tuba\InzjAr8VdvY.mp4,348
./data/data/audio\clarinet\MqB8Ux4DsIM.mp3,./data/data/frames\clarinet\MqB8Ux4DsIM.mp4,170
./data/data/audio\acoustic_guitar violin\kD4X8FmGlC4.mp3,./data/data/frames\acoustic_guitar violin\kD4X8FmGlC4.mp4,1392
./data/data/audio\cello\I--nizkVQzE.mp3,./data/data/frames\cello\I--nizkVQzE.mp4,812
./data/data/audio\trumpet\Uf8tQZn-3EI.mp3,./data/data/frames\trumpet\Uf8tQZn-3EI.mp4,387
./data/data/audio\accordion\UYp3dKioAao.mp3,./data/data/frames\accordion\UYp3dKioAao.mp4,1266
./data/data/audio\acoustic_guitar violin\4zpGMEalJHk.mp3,./data/data/frames\acoustic_guitar violin\4zpGMEalJHk.mp4,1311
./data/data/audio\violin\XlvlHfWjKx4.mp3,./data/data/frames\violin\XlvlHfWjKx4.mp4,1344
./data/data/audio\flute trumpet\gfkfwnOFybM.mp3,./data/data/frames\flute trumpet\gfkfwnOFybM.mp4,368
./data/data/audio\erhu\P6mSuuTzYxk.mp3,./data/data/frames\erhu\P6mSuuTzYxk.mp4,1342
./data/data/audio\xylophone\L_ErwglZCJM.mp3,./data/data/frames\xylophone\L_ErwglZCJM.mp4,538
./data/data/audio\flute trumpet\awCkfdohkzE.mp3,./data/data/frames\flute trumpet\awCkfdohkzE.mp4,776
./data/data/audio\erhu\BB6a5BPpbFs.mp3,./data/data/frames\erhu\BB6a5BPpbFs.mp4,1422
./data/data/audio\accordion\c7Jyu_OiEB0.mp3,./data/data/frames\accordion\c7Jyu_OiEB0.mp4,685
./data/data/audio\saxophone\geK-gOMgm20.mp3,./data/data/frames\saxophone\geK-gOMgm20.mp4,328
./data/data/audio\trumpet\sPtLTnsCgMY.mp3,./data/data/frames\trumpet\sPtLTnsCgMY.mp4,169
./data/data/audio\acoustic_guitar violin\03I00k9J8_E.mp3,./data/data/frames\acoustic_guitar violin\03I00k9J8_E.mp4,4352
./data/data/audio\erhu\3n-vlswrQYM.mp3,./data/data/frames\erhu\3n-vlswrQYM.mp4,322
./data/data/audio\erhu\Vq0eH1uUvXc.mp3,./data/data/frames\erhu\Vq0eH1uUvXc.mp4,1414
./data/data/audio\erhu\MJgy2-QJxmE.mp3,./data/data/frames\erhu\MJgy2-QJxmE.mp4,357
./data/data/audio\xylophone\5lm9laLSORc.mp3,./data/data/frames\xylophone\5lm9laLSORc.mp4,1453
./data/data/audio\cello\-oe-KptPGnY.mp3,./data/data/frames\cello\-oe-KptPGnY.mp4,731
./data/data/audio\clarinet\RqPkcu-xidI.mp3,./data/data/frames\clarinet\RqPkcu-xidI.mp4,1798
./data/data/audio\erhu\Mdryqvk0UH0.mp3,./data/data/frames\erhu\Mdryqvk0UH0.mp4,279
./data/data/audio\xylophone\VcEhFKOTF7A.mp3,./data/data/frames\xylophone\VcEhFKOTF7A.mp4,457
./data/data/audio\accordion\4jGq3kfsJpg.mp3,./data/data/frames\accordion\4jGq3kfsJpg.mp4,471
./data/data/audio\xylophone flute\kQZJh5Clq_s.mp3,./data/data/frames\xylophone flute\kQZJh5Clq_s.mp4,1013
./data/data/audio\tuba\GV2bbRPFhvk.mp3,./data/data/frames\tuba\GV2bbRPFhvk.mp4,330
./data/data/audio\erhu\-5MipMQ25cU.mp3,./data/data/frames\erhu\-5MipMQ25cU.mp4,984
./data/data/audio\accordion\oOCHF3GgKLs.mp3,./data/data/frames\accordion\oOCHF3GgKLs.mp4,1426
./data/data/audio\saxophone\uPkGEtn5jxE.mp3,./data/data/frames\saxophone\uPkGEtn5jxE.mp4,1496
./data/data/audio\flute\1fhZ3iBeK2g.mp3,./data/data/frames\flute\1fhZ3iBeK2g.mp4,942
./data/data/audio\accordion\q4kscRK91y4.mp3,./data/data/frames\accordion\q4kscRK91y4.mp4,941
./data/data/audio\saxophone acoustic_guitar\FAssLqBK2ZA.mp3,./data/data/frames\saxophone acoustic_guitar\FAssLqBK2ZA.mp4,2094
./data/data/audio\acoustic_guitar violin\mcEO4R0FLpw.mp3,./data/data/frames\acoustic_guitar violin\mcEO4R0FLpw.mp4,1188
./data/data/audio\saxophone\tGG2P7mjuqQ.mp3,./data/data/frames\saxophone\tGG2P7mjuqQ.mp4,406
./data/data/audio\saxophone\QOYMhOXfGMw.mp3,./data/data/frames\saxophone\QOYMhOXfGMw.mp4,1506
./data/data/audio\tuba\35TPV7_D7do.mp3,./data/data/frames\tuba\35TPV7_D7do.mp4,206
./data/data/audio\cello\IlDWk-x6Cag.mp3,./data/data/frames\cello\IlDWk-x6Cag.mp4,542
./data/data/audio\xylophone\lJfi82vd9eI.mp3,./data/data/frames\xylophone\lJfi82vd9eI.mp4,1874
./data/data/audio\cello\3N1KAaBJkwU.mp3,./data/data/frames\cello\3N1KAaBJkwU.mp4,647
./data/data/audio\clarinet\DS500VD8YDg.mp3,./data/data/frames\clarinet\DS500VD8YDg.mp4,1650
./data/data/audio\accordion\7G6QVPCHv6Q.mp3,./data/data/frames\accordion\7G6QVPCHv6Q.mp4,1414
./data/data/audio\cello\5Eg6GNhszNE.mp3,./data/data/frames\cello\5Eg6GNhszNE.mp4,945
./data/data/audio\clarinet\TKN7q-aEwZw.mp3,./data/data/frames\clarinet\TKN7q-aEwZw.mp4,1280
./data/data/audio\clarinet acoustic_guitar\5GWxV8I21AQ.mp3,./data/data/frames\clarinet acoustic_guitar\5GWxV8I21AQ.mp4,1443
./data/data/audio\clarinet acoustic_guitar\lhGc6mbcfek.mp3,./data/data/frames\clarinet acoustic_guitar\lhGc6mbcfek.mp4,1518
./data/data/audio\saxophone acoustic_guitar\-HLTNgdajqw.mp3,./data/data/frames\saxophone acoustic_guitar\-HLTNgdajqw.mp4,1620
./data/data/audio\clarinet acoustic_guitar\J58EcMaJsS8.mp3,./data/data/frames\clarinet acoustic_guitar\J58EcMaJsS8.mp4,546
./data/data/audio\acoustic_guitar\72yB-xyIcGI.mp3,./data/data/frames\acoustic_guitar\72yB-xyIcGI.mp4,1784
./data/data/audio\violin\yXKJiqOuvkA.mp3,./data/data/frames\violin\yXKJiqOuvkA.mp4,1129
./data/data/audio\cello acoustic_guitar\K_U5-GbPgi0.mp3,./data/data/frames\cello acoustic_guitar\K_U5-GbPgi0.mp4,1920
./data/data/audio\trumpet\UFNc_74au6A.mp3,./data/data/frames\trumpet\UFNc_74au6A.mp4,549
./data/data/audio\clarinet acoustic_guitar\NLooa9XHDMc.mp3,./data/data/frames\clarinet acoustic_guitar\NLooa9XHDMc.mp4,2216
./data/data/audio\saxophone acoustic_guitar\3U7_tVUZYT0.mp3,./data/data/frames\saxophone acoustic_guitar\3U7_tVUZYT0.mp4,1156
./data/data/audio\violin\lp4_79ooAQo.mp3,./data/data/frames\violin\lp4_79ooAQo.mp4,768
./data/data/audio\trumpet\S3G9BjzPKXo.mp3,./data/data/frames\trumpet\S3G9BjzPKXo.mp4,342
./data/data/audio\acoustic_guitar\1XfdURNeY6s.mp3,./data/data/frames\acoustic_guitar\1XfdURNeY6s.mp4,1652
./data/data/audio\acoustic_guitar\7zrsesZWrhc.mp3,./data/data/frames\acoustic_guitar\7zrsesZWrhc.mp4,1863
./data/data/audio\acoustic_guitar\MVZGmcXU2D8.mp3,./data/data/frames\acoustic_guitar\MVZGmcXU2D8.mp4,1646
./data/data/audio\violin\9kwbEUqCNbU.mp3,./data/data/frames\violin\9kwbEUqCNbU.mp4,1002
./data/data/audio\acoustic_guitar\ZeQPNWdFs_4.mp3,./data/data/frames\acoustic_guitar\ZeQPNWdFs_4.mp4,1686
./data/data/audio\cello\ZcKsPFZG4_0.mp3,./data/data/frames\cello\ZcKsPFZG4_0.mp4,1093
./data/data/audio\accordion\RRjph7N4hvk.mp3,./data/data/frames\accordion\RRjph7N4hvk.mp4,1276
./data/data/audio\tuba\JRPtROMynA8.mp3,./data/data/frames\tuba\JRPtROMynA8.mp4,505
./data/data/audio\clarinet\GKwO7cy2JIA.mp3,./data/data/frames\clarinet\GKwO7cy2JIA.mp4,1084
./data/data/audio\cello\MCftKtqmH1A.mp3,./data/data/frames\cello\MCftKtqmH1A.mp4,1128
./data/data/audio\accordion\_jPFkOkNjuo.mp3,./data/data/frames\accordion\_jPFkOkNjuo.mp4,536
./data/data/audio\erhu\DLTK2_UyrDI.mp3,./data/data/frames\erhu\DLTK2_UyrDI.mp4,674
./data/data/audio\acoustic_guitar\8YELO9yxs_c.mp3,./data/data/frames\acoustic_guitar\8YELO9yxs_c.mp4,1520
./data/data/audio\violin\KG-tXicVpsg.mp3,./data/data/frames\violin\KG-tXicVpsg.mp4,1337
./data/data/audio\xylophone\9fOU26yd0Pw.mp3,./data/data/frames\xylophone\9fOU26yd0Pw.mp4,770
./data/data/audio\acoustic_guitar violin\xkjj-wqj_5M.mp3,./data/data/frames\acoustic_guitar violin\xkjj-wqj_5M.mp4,1975
./data/data/audio\tuba\S9ES30JJTZc.mp3,./data/data/frames\tuba\S9ES30JJTZc.mp4,490
./data/data/audio\clarinet\IZx6ZXWuOGY.mp3,./data/data/frames\clarinet\IZx6ZXWuOGY.mp4,958
./data/data/audio\tuba\4CTkB84ukfY.mp3,./data/data/frames\tuba\4CTkB84ukfY.mp4,325
./data/data/audio\trumpet\g1sNdUDTfJQ.mp3,./data/data/frames\trumpet\g1sNdUDTfJQ.mp4,555
./data/data/audio\flute\tfcNUo8qjrA.mp3,./data/data/frames\flute\tfcNUo8qjrA.mp4,1030
./data/data/audio\cello\YmKMEpt9OjQ.mp3,./data/data/frames\cello\YmKMEpt9OjQ.mp4,1672
./data/data/audio\acoustic_guitar violin\LUWw06fW4zU.mp3,./data/data/frames\acoustic_guitar violin\LUWw06fW4zU.mp4,817
./data/data/audio\saxophone acoustic_guitar\_u-pz6i3iDY.mp3,./data/data/frames\saxophone acoustic_guitar\_u-pz6i3iDY.mp4,1966
./data/data/audio\accordion\t_3Zm1PbydA.mp3,./data/data/frames\accordion\t_3Zm1PbydA.mp4,1875
./data/data/audio\acoustic_guitar\PA8DVnECfh0.mp3,./data/data/frames\acoustic_guitar\PA8DVnECfh0.mp4,1510
./data/data/audio\acoustic_guitar violin\sTo7AxrWIHE.mp3,./data/data/frames\acoustic_guitar violin\sTo7AxrWIHE.mp4,2038
./data/data/audio\xylophone\McMd-s4XpZk.mp3,./data/data/frames\xylophone\McMd-s4XpZk.mp4,609
./data/data/audio\acoustic_guitar\8rcClHLysvU.mp3,./data/data/frames\acoustic_guitar\8rcClHLysvU.mp4,1227
./data/data/audio\clarinet acoustic_guitar\BbPsU29zD1U.mp3,./data/data/frames\clarinet acoustic_guitar\BbPsU29zD1U.mp4,1346
./data/data/audio\trumpet tuba\n8-2q4dheyU.mp3,./data/data/frames\trumpet tuba\n8-2q4dheyU.mp4,6646
./data/data/audio\clarinet\_O1mTqCSo6E.mp3,./data/data/frames\clarinet\_O1mTqCSo6E.mp4,934
./data/data/audio\violin\ySFS1KgXerA.mp3,./data/data/frames\violin\ySFS1KgXerA.mp4,1526
./data/data/audio\trumpet\_AtTFfgZvEk.mp3,./data/data/frames\trumpet\_AtTFfgZvEk.mp4,603
./data/data/audio\tuba\4lVuJEIaXgo.mp3,./data/data/frames\tuba\4lVuJEIaXgo.mp4,490
./data/data/audio\acoustic_guitar violin\TSktVYy2820.mp3,./data/data/frames\acoustic_guitar violin\TSktVYy2820.mp4,2007
./data/data/audio\accordion\1mCi6eWXVbg.mp3,./data/data/frames\accordion\1mCi6eWXVbg.mp4,990
./data/data/audio\accordion\yy2vL2RUiPI.mp3,./data/data/frames\accordion\yy2vL2RUiPI.mp4,896
./data/data/audio\cello\-_-TDDxoaAc.mp3,./data/data/frames\cello\-_-TDDxoaAc.mp4,1737
./data/data/audio\xylophone\ag7eC_pVobo.mp3,./data/data/frames\xylophone\ag7eC_pVobo.mp4,1573
./data/data/audio\violin\MeAWoVYCPL8.mp3,./data/data/frames\violin\MeAWoVYCPL8.mp4,1743
./data/data/audio\flute\SAN5JBTnlas.mp3,./data/data/frames\flute\SAN5JBTnlas.mp4,453
./data/data/audio\acoustic_guitar\5UZF3bGoZpM.mp3,./data/data/frames\acoustic_guitar\5UZF3bGoZpM.mp4,1682
./data/data/audio\trumpet\S1iKARDRvX4.mp3,./data/data/frames\trumpet\S1iKARDRvX4.mp4,176
./data/data/audio\accordion\CgCMBFcifVE.mp3,./data/data/frames\accordion\CgCMBFcifVE.mp4,1466
./data/data/audio\accordion\Q-Jkk6mJ8AI.mp3,./data/data/frames\accordion\Q-Jkk6mJ8AI.mp4,820
./data/data/audio\flute violin\r29WR4uOf9k.mp3,./data/data/frames\flute violin\r29WR4uOf9k.mp4,4458
./data/data/audio\trumpet\2gk-IN35s5I.mp3,./data/data/frames\trumpet\2gk-IN35s5I.mp4,817
./data/data/audio\violin\41b8GUEx-OM.mp3,./data/data/frames\violin\41b8GUEx-OM.mp4,1082
./data/data/audio\clarinet acoustic_guitar\7kbgi9oNEi0.mp3,./data/data/frames\clarinet acoustic_guitar\7kbgi9oNEi0.mp4,2632
./data/data/audio\clarinet acoustic_guitar\za84Zws-5gY.mp3,./data/data/frames\clarinet acoustic_guitar\za84Zws-5gY.mp4,2421
./data/data/audio\cello\XI7Fx7rJt4I.mp3,./data/data/frames\cello\XI7Fx7rJt4I.mp4,491
./data/data/audio\acoustic_guitar violin\8zotbsDK62Q.mp3,./data/data/frames\acoustic_guitar violin\8zotbsDK62Q.mp4,1462
./data/data/audio\saxophone\fH4pDr8CqI8.mp3,./data/data/frames\saxophone\fH4pDr8CqI8.mp4,1173
./data/data/audio\cello\-Gdh8N_KpLY.mp3,./data/data/frames\cello\-Gdh8N_KpLY.mp4,1679
./data/data/audio\saxophone\9XoXQXCVUQY.mp3,./data/data/frames\saxophone\9XoXQXCVUQY.mp4,506
./data/data/audio\flute\qb-ttddKLYo.mp3,./data/data/frames\flute\qb-ttddKLYo.mp4,170
./data/data/audio\cello\B22eZY1PESY.mp3,./data/data/frames\cello\B22eZY1PESY.mp4,1643
./data/data/audio\saxophone\OxA5Z_5-w0E.mp3,./data/data/frames\saxophone\OxA5Z_5-w0E.mp4,1431
./data/data/audio\saxophone acoustic_guitar\gOsW2AVyjyc.mp3,./data/data/frames\saxophone acoustic_guitar\gOsW2AVyjyc.mp4,1800
./data/data/audio\flute\9L4BvIDqhm8.mp3,./data/data/frames\flute\9L4BvIDqhm8.mp4,847
./data/data/audio\erhu\37HdHAzJrOQ.mp3,./data/data/frames\erhu\37HdHAzJrOQ.mp4,1310
./data/data/audio\clarinet\5ESDEU04WSQ.mp3,./data/data/frames\clarinet\5ESDEU04WSQ.mp4,1458
./data/data/audio\clarinet\0OrLdMPOyos.mp3,./data/data/frames\clarinet\0OrLdMPOyos.mp4,453
./data/data/audio\acoustic_guitar violin\Sllno_P7l8M.mp3,./data/data/frames\acoustic_guitar violin\Sllno_P7l8M.mp4,2559
./data/data/audio\trumpet\zhaLSfnahL0.mp3,./data/data/frames\trumpet\zhaLSfnahL0.mp4,474
./data/data/audio\xylophone acoustic_guitar\fXjfvEcAV6w.mp3,./data/data/frames\xylophone acoustic_guitar\fXjfvEcAV6w.mp4,8548
./data/data/audio\flute\3-zT9mN8Lio.mp3,./data/data/frames\flute\3-zT9mN8Lio.mp4,507
./data/data/audio\violin\cMYr693e3Eo.mp3,./data/data/frames\violin\cMYr693e3Eo.mp4,466
./data/data/audio\accordion\ADxyFxpe1ls.mp3,./data/data/frames\accordion\ADxyFxpe1ls.mp4,1732
./data/data/audio\acoustic_guitar\M3dekVSwNjY.mp3,./data/data/frames\acoustic_guitar\M3dekVSwNjY.mp4,1581
./data/data/audio\xylophone\Z36VEiqi02Y.mp3,./data/data/frames\xylophone\Z36VEiqi02Y.mp4,1496
./data/data/audio\clarinet\FWW2Nf_mSis.mp3,./data/data/frames\clarinet\FWW2Nf_mSis.mp4,1849
./data/data/audio\acoustic_guitar violin\FsZKFElmdDg.mp3,./data/data/frames\acoustic_guitar violin\FsZKFElmdDg.mp4,1788
./data/data/audio\clarinet\2D5nT67CIRw.mp3,./data/data/frames\clarinet\2D5nT67CIRw.mp4,897
./data/data/audio\acoustic_guitar violin\j97FUC5-hpY.mp3,./data/data/frames\acoustic_guitar violin\j97FUC5-hpY.mp4,1197
./data/data/audio\xylophone flute\bBCBMV7K-YA.mp3,./data/data/frames\xylophone flute\bBCBMV7K-YA.mp4,3157
./data/data/audio\xylophone\GF-3c8hBi9I.mp3,./data/data/frames\xylophone\GF-3c8hBi9I.mp4,1538
./data/data/audio\cello\97UEABGyyw8.mp3,./data/data/frames\cello\97UEABGyyw8.mp4,1017
./data/data/audio\clarinet acoustic_guitar\dhWU1tU1HbY.mp3,./data/data/frames\clarinet acoustic_guitar\dhWU1tU1HbY.mp4,702
./data/data/audio\trumpet\eCQO6k5Qrmg.mp3,./data/data/frames\trumpet\eCQO6k5Qrmg.mp4,510
./data/data/audio\erhu\AOAE4euXbEc.mp3,./data/data/frames\erhu\AOAE4euXbEc.mp4,1217
./data/data/audio\accordion\STtGADifdUw.mp3,./data/data/frames\accordion\STtGADifdUw.mp4,692
./data/data/audio\saxophone\OufpA4FV1Tc.mp3,./data/data/frames\saxophone\OufpA4FV1Tc.mp4,1067
./data/data/audio\erhu\Lv2vc_8CZLc.mp3,./data/data/frames\erhu\Lv2vc_8CZLc.mp4,1289
./data/data/audio\saxophone\LqyX7bRrMTw.mp3,./data/data/frames\saxophone\LqyX7bRrMTw.mp4,852
./data/data/audio\acoustic_guitar\XYizxH7yAqA.mp3,./data/data/frames\acoustic_guitar\XYizxH7yAqA.mp4,859
./data/data/audio\violin\H-j5lp2QjEE.mp3,./data/data/frames\violin\H-j5lp2QjEE.mp4,830
./data/data/audio\xylophone\GezwOJW568A.mp3,./data/data/frames\xylophone\GezwOJW568A.mp4,246
./data/data/audio\cello\2ARPm0djKIk.mp3,./data/data/frames\cello\2ARPm0djKIk.mp4,1758
./data/data/audio\acoustic_guitar violin\1uG4jnhHgAc.mp3,./data/data/frames\acoustic_guitar violin\1uG4jnhHgAc.mp4,2198
./data/data/audio\flute\jW_AuF6dQYY.mp3,./data/data/frames\flute\jW_AuF6dQYY.mp4,559
./data/data/audio\xylophone\dpnBlIZGyJA.mp3,./data/data/frames\xylophone\dpnBlIZGyJA.mp4,303
./data/data/audio\violin\-UoFXtE2eqk.mp3,./data/data/frames\violin\-UoFXtE2eqk.mp4,1883
./data/data/audio\violin\ZgGEuzLZw2E.mp3,./data/data/frames\violin\ZgGEuzLZw2E.mp4,776
./data/data/audio\acoustic_guitar\ZvLT_J9Uv4o.mp3,./data/data/frames\acoustic_guitar\ZvLT_J9Uv4o.mp4,525
./data/data/audio\flute\oEb2mlij38w.mp3,./data/data/frames\flute\oEb2mlij38w.mp4,338
./data/data/audio\acoustic_guitar\9SZLDvRaHEA.mp3,./data/data/frames\acoustic_guitar\9SZLDvRaHEA.mp4,1037
./data/data/audio\accordion\nQpXK7PS-oo.mp3,./data/data/frames\accordion\nQpXK7PS-oo.mp4,607
./data/data/audio\accordion\bq5utI8KK_8.mp3,./data/data/frames\accordion\bq5utI8KK_8.mp4,868
./data/data/audio\flute\eHbxLcoLWYY.mp3,./data/data/frames\flute\eHbxLcoLWYY.mp4,703
./data/data/audio\violin\9dOqmTMqp1k.mp3,./data/data/frames\violin\9dOqmTMqp1k.mp4,788
./data/data/audio\acoustic_guitar\XTKxjzg1xwM.mp3,./data/data/frames\acoustic_guitar\XTKxjzg1xwM.mp4,1514
./data/data/audio\erhu\MTyf4utLlJk.mp3,./data/data/frames\erhu\MTyf4utLlJk.mp4,1705
./data/data/audio\flute\X8rR0SV_BhU.mp3,./data/data/frames\flute\X8rR0SV_BhU.mp4,1215
./data/data/audio\erhu\0nYRMqKixAU.mp3,./data/data/frames\erhu\0nYRMqKixAU.mp4,700
./data/data/audio\xylophone\JkhKTTB0YB8.mp3,./data/data/frames\xylophone\JkhKTTB0YB8.mp4,274
./data/data/audio\cello\IcV9yqQOqkw.mp3,./data/data/frames\cello\IcV9yqQOqkw.mp4,841
./data/data/audio\saxophone\8U4tYnLtuzk.mp3,./data/data/frames\saxophone\8U4tYnLtuzk.mp4,1316
./data/data/audio\xylophone\KPTyodoU2ng.mp3,./data/data/frames\xylophone\KPTyodoU2ng.mp4,1515
./data/data/audio\clarinet acoustic_guitar\JmQ1C-cwiuY.mp3,./data/data/frames\clarinet acoustic_guitar\JmQ1C-cwiuY.mp4,1388
./data/data/audio\erhu\I5IYfx7ontI.mp3,./data/data/frames\erhu\I5IYfx7ontI.mp4,1389
./data/data/audio\saxophone acoustic_guitar\9MOG4aV-qNU.mp3,./data/data/frames\saxophone acoustic_guitar\9MOG4aV-qNU.mp4,2062
./data/data/audio\acoustic_guitar violin\LkYqVl7YNTs.mp3,./data/data/frames\acoustic_guitar violin\LkYqVl7YNTs.mp4,1923
./data/data/audio\violin\K1LRscO7TSw.mp3,./data/data/frames\violin\K1LRscO7TSw.mp4,1565
./data/data/audio\tuba\5Ru90VkovhM.mp3,./data/data/frames\tuba\5Ru90VkovhM.mp4,1013
./data/data/audio\trumpet\ufsSRKgUb6g.mp3,./data/data/frames\trumpet\ufsSRKgUb6g.mp4,182
./data/data/audio\accordion\s1hBC8N4-Zo.mp3,./data/data/frames\accordion\s1hBC8N4-Zo.mp4,1229
./data/data/audio\acoustic_guitar violin\i53jcmLQESI.mp3,./data/data/frames\acoustic_guitar violin\i53jcmLQESI.mp4,2715
./data/data/audio\xylophone\qLLwSb9YX5g.mp3,./data/data/frames\xylophone\qLLwSb9YX5g.mp4,261
./data/data/audio\clarinet acoustic_guitar\QgzhErwJcns.mp3,./data/data/frames\clarinet acoustic_guitar\QgzhErwJcns.mp4,1568
./data/data/audio\xylophone acoustic_guitar\GIB4tnBSWtg.mp3,./data/data/frames\xylophone acoustic_guitar\GIB4tnBSWtg.mp4,385
./data/data/audio\cello\D1DjJqqK5Rw.mp3,./data/data/frames\cello\D1DjJqqK5Rw.mp4,1912
./data/data/audio\erhu\REiXxfSu3Fw.mp3,./data/data/frames\erhu\REiXxfSu3Fw.mp4,1182
./data/data/audio\violin\QqKlMPzQj7k.mp3,./data/data/frames\violin\QqKlMPzQj7k.mp4,800
./data/data/audio\cello\_oUTOskOwXs.mp3,./data/data/frames\cello\_oUTOskOwXs.mp4,773
./data/data/audio\acoustic_guitar violin\jLY5DKM6HoI.mp3,./data/data/frames\acoustic_guitar violin\jLY5DKM6HoI.mp4,2570
./data/data/audio\acoustic_guitar violin\-7WIMBTTvZs.mp3,./data/data/frames\acoustic_guitar violin\-7WIMBTTvZs.mp4,1943
./data/data/audio\violin\pWGLb57zbz8.mp3,./data/data/frames\violin\pWGLb57zbz8.mp4,1178
./data/data/audio\xylophone\lVpWbUIW0gY.mp3,./data/data/frames\xylophone\lVpWbUIW0gY.mp4,768
./data/data/audio\saxophone\lm51ySOO71o.mp3,./data/data/frames\saxophone\lm51ySOO71o.mp4,639
./data/data/audio\cello\CSKOEhh5nBk.mp3,./data/data/frames\cello\CSKOEhh5nBk.mp4,1417
./data/data/audio\xylophone\No-IJw4uWMw.mp3,./data/data/frames\xylophone\No-IJw4uWMw.mp4,1489
./data/data/audio\flute\YR6kjiPyNHU.mp3,./data/data/frames\flute\YR6kjiPyNHU.mp4,1259
./data/data/audio\accordion\PMDSfAZ4-eo.mp3,./data/data/frames\accordion\PMDSfAZ4-eo.mp4,1834
./data/data/audio\accordion\-DlGdZNAsxA.mp3,./data/data/frames\accordion\-DlGdZNAsxA.mp4,1530
./data/data/audio\flute\j0U_hqIH_XM.mp3,./data/data/frames\flute\j0U_hqIH_XM.mp4,1178
./data/data/audio\trumpet\STKXyBGSGyE.mp3,./data/data/frames\trumpet\STKXyBGSGyE.mp4,494
./data/data/audio\tuba\NDVxjRCWjYU.mp3,./data/data/frames\tuba\NDVxjRCWjYU.mp4,1667
./data/data/audio\saxophone\TSEWnnKagqQ.mp3,./data/data/frames\saxophone\TSEWnnKagqQ.mp4,1004
./data/data/audio\clarinet\aZjtE82spMA.mp3,./data/data/frames\clarinet\aZjtE82spMA.mp4,422
./data/data/audio\acoustic_guitar\FoOVn7MACAE.mp3,./data/data/frames\acoustic_guitar\FoOVn7MACAE.mp4,1787
./data/data/audio\acoustic_guitar violin\w55jJXSspUo.mp3,./data/data/frames\acoustic_guitar violin\w55jJXSspUo.mp4,1948
./data/data/audio\saxophone\R700Q9DEUEk.mp3,./data/data/frames\saxophone\R700Q9DEUEk.mp4,724
./data/data/audio\accordion\Y5EwbTgIswk.mp3,./data/data/frames\accordion\Y5EwbTgIswk.mp4,1622
./data/data/audio\flute\E7E1kMExVcg.mp3,./data/data/frames\flute\E7E1kMExVcg.mp4,747
./data/data/audio\tuba\ZtVxXYObmOQ.mp3,./data/data/frames\tuba\ZtVxXYObmOQ.mp4,1709
./data/data/audio\clarinet\W9ZICrM6V-s.mp3,./data/data/frames\clarinet\W9ZICrM6V-s.mp4,365
./data/data/audio\tuba\ALMOnRonTPM.mp3,./data/data/frames\tuba\ALMOnRonTPM.mp4,197
./data/data/audio\xylophone\JbGvqve_JH0.mp3,./data/data/frames\xylophone\JbGvqve_JH0.mp4,1063
./data/data/audio\cello\S86qStDAz3A.mp3,./data/data/frames\cello\S86qStDAz3A.mp4,976
./data/data/audio\clarinet\P5nnnybNQ_o.mp3,./data/data/frames\clarinet\P5nnnybNQ_o.mp4,723
./data/data/audio\violin\P4KxMdjna0k.mp3,./data/data/frames\violin\P4KxMdjna0k.mp4,946
./data/data/audio\cello acoustic_guitar\wgpwadsv5YQ.mp3,./data/data/frames\cello acoustic_guitar\wgpwadsv5YQ.mp4,1770
./data/data/audio\acoustic_guitar\_IcBMTI8PEQ.mp3,./data/data/frames\acoustic_guitar\_IcBMTI8PEQ.mp4,1461
./data/data/audio\tuba\Gufj4Jhk92I.mp3,./data/data/frames\tuba\Gufj4Jhk92I.mp4,533
./data/data/audio\flute\B0xFpw9qvD4.mp3,./data/data/frames\flute\B0xFpw9qvD4.mp4,657
./data/data/audio\xylophone\-0gYWIOfqdM.mp3,./data/data/frames\xylophone\-0gYWIOfqdM.mp4,689
./data/data/audio\accordion\E6jlrR-M3tk.mp3,./data/data/frames\accordion\E6jlrR-M3tk.mp4,1211
./data/data/audio\violin\rg41DcQAwWI.mp3,./data/data/frames\violin\rg41DcQAwWI.mp4,1043
./data/data/audio\violin\bapfkDpaSGw.mp3,./data/data/frames\violin\bapfkDpaSGw.mp4,875
./data/data/audio\acoustic_guitar\2CcXQsF06Xo.mp3,./data/data/frames\acoustic_guitar\2CcXQsF06Xo.mp4,1222
./data/data/audio\cello acoustic_guitar\y0WB29MJJgQ.mp3,./data/data/frames\cello acoustic_guitar\y0WB29MJJgQ.mp4,1453
./data/data/audio\erhu\9PJgKV2VCcM.mp3,./data/data/frames\erhu\9PJgKV2VCcM.mp4,1113
./data/data/audio\flute violin\AP-vB4w_7Ag.mp3,./data/data/frames\flute violin\AP-vB4w_7Ag.mp4,1746
./data/data/audio\erhu\0VyVd_QUCl8.mp3,./data/data/frames\erhu\0VyVd_QUCl8.mp4,1161
./data/data/audio\trumpet\ZuJEVqon3lM.mp3,./data/data/frames\trumpet\ZuJEVqon3lM.mp4,487
./data/data/audio\cello\SyToSKUxgKs.mp3,./data/data/frames\cello\SyToSKUxgKs.mp4,1370
./data/data/audio\flute\KgebjbW1mGk.mp3,./data/data/frames\flute\KgebjbW1mGk.mp4,667
./data/data/audio\tuba\8YNdpTm2vsc.mp3,./data/data/frames\tuba\8YNdpTm2vsc.mp4,1891
./data/data/audio\acoustic_guitar\Y-dpHbPGQWE.mp3,./data/data/frames\acoustic_guitar\Y-dpHbPGQWE.mp4,1873
./data/data/audio\erhu\AlYZ7nWkzcQ.mp3,./data/data/frames\erhu\AlYZ7nWkzcQ.mp4,344
./data/data/audio\violin\w81p5ty4OZc.mp3,./data/data/frames\violin\w81p5ty4OZc.mp4,1035
./data/data/audio\saxophone\e73x3LGeb_Q.mp3,./data/data/frames\saxophone\e73x3LGeb_Q.mp4,1012
./data/data/audio\saxophone\P5pxcBdxa4E.mp3,./data/data/frames\saxophone\P5pxcBdxa4E.mp4,283
./data/data/audio\erhu\EJ-dXyKrSKA.mp3,./data/data/frames\erhu\EJ-dXyKrSKA.mp4,1234
./data/data/audio\accordion\cFskXS823Kk.mp3,./data/data/frames\accordion\cFskXS823Kk.mp4,1075
./data/data/audio\tuba\1owUN7YXSzE.mp3,./data/data/frames\tuba\1owUN7YXSzE.mp4,685
./data/data/audio\flute\uJnD0NCyJoc.mp3,./data/data/frames\flute\uJnD0NCyJoc.mp4,1679
./data/data/audio\cello acoustic_guitar\r-hUC0z2VDE.mp3,./data/data/frames\cello acoustic_guitar\r-hUC0z2VDE.mp4,1455
./data/data/audio\xylophone\OZDN7VkC6AY.mp3,./data/data/frames\xylophone\OZDN7VkC6AY.mp4,1405
./data/data/audio\trumpet\Ba4ajAm0VDI.mp3,./data/data/frames\trumpet\Ba4ajAm0VDI.mp4,573
./data/data/audio\accordion\9okuB-rub8c.mp3,./data/data/frames\accordion\9okuB-rub8c.mp4,402
./data/data/audio\trumpet\6G78knF3eFk.mp3,./data/data/frames\trumpet\6G78knF3eFk.mp4,380
./data/data/audio\cello acoustic_guitar\--IXKwloYLE.mp3,./data/data/frames\cello acoustic_guitar\--IXKwloYLE.mp4,922
./data/data/audio\trumpet\y-Y6QAUqSKg.mp3,./data/data/frames\trumpet\y-Y6QAUqSKg.mp4,566
./data/data/audio\acoustic_guitar\9ygrq7in_uI.mp3,./data/data/frames\acoustic_guitar\9ygrq7in_uI.mp4,1651
./data/data/audio\acoustic_guitar\XdoR3Mw217M.mp3,./data/data/frames\acoustic_guitar\XdoR3Mw217M.mp4,1696
./data/data/audio\xylophone\c-Yr5qyCefA.mp3,./data/data/frames\xylophone\c-Yr5qyCefA.mp4,1224
./data/data/audio\erhu\ZMM_u1Bk0SI.mp3,./data/data/frames\erhu\ZMM_u1Bk0SI.mp4,542
./data/data/audio\acoustic_guitar violin\B7vaxJhgCQE.mp3,./data/data/frames\acoustic_guitar violin\B7vaxJhgCQE.mp4,2690
./data/data/audio\acoustic_guitar\5awjINljUoo.mp3,./data/data/frames\acoustic_guitar\5awjINljUoo.mp4,1231
./data/data/audio\acoustic_guitar\X4UWEifacwI.mp3,./data/data/frames\acoustic_guitar\X4UWEifacwI.mp4,1790
./data/data/audio\accordion\qBnsIqyXheM.mp3,./data/data/frames\accordion\qBnsIqyXheM.mp4,1688
./data/data/audio\flute\BO7_8o4QSr4.mp3,./data/data/frames\flute\BO7_8o4QSr4.mp4,308
./data/data/audio\cello\9xj3e5A8XwE.mp3,./data/data/frames\cello\9xj3e5A8XwE.mp4,1528
./data/data/audio\clarinet acoustic_guitar\ddDdNq1a01M.mp3,./data/data/frames\clarinet acoustic_guitar\ddDdNq1a01M.mp4,3373
./data/data/audio\cello\2R12lQszz90.mp3,./data/data/frames\cello\2R12lQszz90.mp4,1178
./data/data/audio\erhu\3XAn8BHmtKg.mp3,./data/data/frames\erhu\3XAn8BHmtKg.mp4,1451
./data/data/audio\acoustic_guitar violin\pjxx5crznwM.mp3,./data/data/frames\acoustic_guitar violin\pjxx5crznwM.mp4,2080
./data/data/audio\xylophone\PF9PrzmkR2Q.mp3,./data/data/frames\xylophone\PF9PrzmkR2Q.mp4,693
./data/data/audio\flute\3q104tR3k2Q.mp3,./data/data/frames\flute\3q104tR3k2Q.mp4,962
./data/data/audio\cello acoustic_guitar\N1HwJvvYyoo.mp3,./data/data/frames\cello acoustic_guitar\N1HwJvvYyoo.mp4,1512
./data/data/audio\acoustic_guitar\OBbmnUIJQDQ.mp3,./data/data/frames\acoustic_guitar\OBbmnUIJQDQ.mp4,809
./data/data/audio\cello\VlIcqDWmPkw.mp3,./data/data/frames\cello\VlIcqDWmPkw.mp4,1512
./data/data/audio\accordion\kCMA0wi7i6Y.mp3,./data/data/frames\accordion\kCMA0wi7i6Y.mp4,1063
./data/data/audio\violin\ICKS19qRRd4.mp3,./data/data/frames\violin\ICKS19qRRd4.mp4,1005
./data/data/audio\xylophone\Jd5heRezP5s.mp3,./data/data/frames\xylophone\Jd5heRezP5s.mp4,896
./data/data/audio\saxophone\iEOdwzdXmfE.mp3,./data/data/frames\saxophone\iEOdwzdXmfE.mp4,708
./data/data/audio\violin\6uqTP6obYNM.mp3,./data/data/frames\violin\6uqTP6obYNM.mp4,452
./data/data/audio\xylophone\fhzqzm0dYuE.mp3,./data/data/frames\xylophone\fhzqzm0dYuE.mp4,1259
./data/data/audio\acoustic_guitar violin\ABVrCfreq58.mp3,./data/data/frames\acoustic_guitar violin\ABVrCfreq58.mp4,2307
./data/data/audio\tuba\73ikMuXwKgc.mp3,./data/data/frames\tuba\73ikMuXwKgc.mp4,282
./data/data/audio\flute\QAiwlq3aP2U.mp3,./data/data/frames\flute\QAiwlq3aP2U.mp4,1117
./data/data/audio\trumpet\nZ4HNz9xvSw.mp3,./data/data/frames\trumpet\nZ4HNz9xvSw.mp4,581
./data/data/audio\acoustic_guitar\CeOAuSm1NUo.mp3,./data/data/frames\acoustic_guitar\CeOAuSm1NUo.mp4,1492
./data/data/audio\cello\EvBzKBdfZxA.mp3,./data/data/frames\cello\EvBzKBdfZxA.mp4,491
./data/data/audio\tuba\HQveyGmUBSs.mp3,./data/data/frames\tuba\HQveyGmUBSs.mp4,1109
./data/data/audio\flute\LKVxvHeb8hs.mp3,./data/data/frames\flute\LKVxvHeb8hs.mp4,770
./data/data/audio\flute\UD2SYltnnlY.mp3,./data/data/frames\flute\UD2SYltnnlY.mp4,1666
./data/data/audio\xylophone flute\OgHPzxGb1sM.mp3,./data/data/frames\xylophone flute\OgHPzxGb1sM.mp4,3358
./data/data/audio\cello\VdFnyZWJAgo.mp3,./data/data/frames\cello\VdFnyZWJAgo.mp4,1745
./data/data/audio\acoustic_guitar\AszMf9QGxug.mp3,./data/data/frames\acoustic_guitar\AszMf9QGxug.mp4,1648
./data/data/audio\trumpet\zJIt_KdE3Jc.mp3,./data/data/frames\trumpet\zJIt_KdE3Jc.mp4,344
./data/data/audio\acoustic_guitar violin\h61TbdGR7Rk.mp3,./data/data/frames\acoustic_guitar violin\h61TbdGR7Rk.mp4,898
./data/data/audio\tuba\-X4loU7hcpw.mp3,./data/data/frames\tuba\-X4loU7hcpw.mp4,354
./data/data/audio\trumpet\ZFp0yw9Dxcw.mp3,./data/data/frames\trumpet\ZFp0yw9Dxcw.mp4,303
./data/data/audio\trumpet\TaII-y9-5Iw.mp3,./data/data/frames\trumpet\TaII-y9-5Iw.mp4,790
./data/data/audio\tuba\Xm5a8vCHlFw.mp3,./data/data/frames\tuba\Xm5a8vCHlFw.mp4,451
./data/data/audio\clarinet\EXKxvMVayRk.mp3,./data/data/frames\clarinet\EXKxvMVayRk.mp4,742
./data/data/audio\cello\_Nr58vTAIkw.mp3,./data/data/frames\cello\_Nr58vTAIkw.mp4,1294
./data/data/audio\saxophone\EIpvnh0otts.mp3,./data/data/frames\saxophone\EIpvnh0otts.mp4,1206
./data/data/audio\cello\CjNKUiFHUC8.mp3,./data/data/frames\cello\CjNKUiFHUC8.mp4,1752
./data/data/audio\saxophone acoustic_guitar\G_rINXF-bzg.mp3,./data/data/frames\saxophone acoustic_guitar\G_rINXF-bzg.mp4,3372
./data/data/audio\erhu\31GOxPXDNkk.mp3,./data/data/frames\erhu\31GOxPXDNkk.mp4,747
./data/data/audio\xylophone\Lp9rAMPaqLQ.mp3,./data/data/frames\xylophone\Lp9rAMPaqLQ.mp4,1736
./data/data/audio\violin\-5CDUnGu3jA.mp3,./data/data/frames\violin\-5CDUnGu3jA.mp4,1658
./data/data/audio\violin\HyD1g1KDoEE.mp3,./data/data/frames\violin\HyD1g1KDoEE.mp4,1761
./data/data/audio\accordion\PohzBumrY2Q.mp3,./data/data/frames\accordion\PohzBumrY2Q.mp4,1607
./data/data/audio\saxophone\NLGte2YC6Oc.mp3,./data/data/frames\saxophone\NLGte2YC6Oc.mp4,1155
./data/data/audio\trumpet\qsciXAjiwF0.mp3,./data/data/frames\trumpet\qsciXAjiwF0.mp4,523
./data/data/audio\acoustic_guitar\RgB3wzNVZyY.mp3,./data/data/frames\acoustic_guitar\RgB3wzNVZyY.mp4,799
./data/data/audio\tuba\2tG4y_uyEAY.mp3,./data/data/frames\tuba\2tG4y_uyEAY.mp4,514
./data/data/audio\saxophone acoustic_guitar\-qbAJMQBoX4.mp3,./data/data/frames\saxophone acoustic_guitar\-qbAJMQBoX4.mp4,1729
./data/data/audio\clarinet acoustic_guitar\nTMJTm6tqoY.mp3,./data/data/frames\clarinet acoustic_guitar\nTMJTm6tqoY.mp4,2647
./data/data/audio\erhu\7v9Z3IdjP8s.mp3,./data/data/frames\erhu\7v9Z3IdjP8s.mp4,1389
./data/data/audio\acoustic_guitar\9bEbuj4Qb3I.mp3,./data/data/frames\acoustic_guitar\9bEbuj4Qb3I.mp4,696
./data/data/audio\acoustic_guitar\At63FPRHLAo.mp3,./data/data/frames\acoustic_guitar\At63FPRHLAo.mp4,1758
./data/data/audio\violin\WjwOm5pJlI0.mp3,./data/data/frames\violin\WjwOm5pJlI0.mp4,811
./data/data/audio\trumpet\aCi1P8Rymo4.mp3,./data/data/frames\trumpet\aCi1P8Rymo4.mp4,707
./data/data/audio\xylophone acoustic_guitar\tHvLBLCBHyU.mp3,./data/data/frames\xylophone acoustic_guitar\tHvLBLCBHyU.mp4,844
./data/data/audio\erhu\HGqEtp1wpyc.mp3,./data/data/frames\erhu\HGqEtp1wpyc.mp4,1097
./data/data/audio\flute\D5gWhSH7jRU.mp3,./data/data/frames\flute\D5gWhSH7jRU.mp4,895
./data/data/audio\flute violin\P-B8ooirjHE.mp3,./data/data/frames\flute violin\P-B8ooirjHE.mp4,1405
./data/data/audio\acoustic_guitar\YwDABKyGY_g.mp3,./data/data/frames\acoustic_guitar\YwDABKyGY_g.mp4,737
./data/data/audio\clarinet acoustic_guitar\VUXyjq1bw_Y.mp3,./data/data/frames\clarinet acoustic_guitar\VUXyjq1bw_Y.mp4,4176
./data/data/audio\acoustic_guitar\DvbeXXoraro.mp3,./data/data/frames\acoustic_guitar\DvbeXXoraro.mp4,1161
./data/data/audio\tuba\C3s60zFIPTs.mp3,./data/data/frames\tuba\C3s60zFIPTs.mp4,1336
./data/data/audio\saxophone acoustic_guitar\WkY638E5wy8.mp3,./data/data/frames\saxophone acoustic_guitar\WkY638E5wy8.mp4,3097
./data/data/audio\flute violin\_9aFrft67Zw.mp3,./data/data/frames\flute violin\_9aFrft67Zw.mp4,8258
./data/data/audio\flute trumpet\JDV3yiF-6DU.mp3,./data/data/frames\flute trumpet\JDV3yiF-6DU.mp4,605
./data/data/audio\accordion\MKSTzG114d0.mp3,./data/data/frames\accordion\MKSTzG114d0.mp4,535
./data/data/audio\acoustic_guitar violin\G-25ZOVbGTE.mp3,./data/data/frames\acoustic_guitar violin\G-25ZOVbGTE.mp4,1446
./data/data/audio\violin\YK94q0Fwquc.mp3,./data/data/frames\violin\YK94q0Fwquc.mp4,299
./data/data/audio\acoustic_guitar violin\bsorCgLZkkA.mp3,./data/data/frames\acoustic_guitar violin\bsorCgLZkkA.mp4,1393
./data/data/audio\tuba\LUZf782HzNo.mp3,./data/data/frames\tuba\LUZf782HzNo.mp4,1292
./data/data/audio\clarinet\U6iN9QcIp7I.mp3,./data/data/frames\clarinet\U6iN9QcIp7I.mp4,661
./data/data/audio\xylophone flute\h2oiK1-8U5U.mp3,./data/data/frames\xylophone flute\h2oiK1-8U5U.mp4,3176
./data/data/audio\tuba\AAUm9njcMRk.mp3,./data/data/frames\tuba\AAUm9njcMRk.mp4,746
./data/data/audio\cello acoustic_guitar\kotc5pssmt8.mp3,./data/data/frames\cello acoustic_guitar\kotc5pssmt8.mp4,4919
./data/data/audio\cello\FcO9w1mYEEs.mp3,./data/data/frames\cello\FcO9w1mYEEs.mp4,1648
./data/data/audio\saxophone acoustic_guitar\5GpXUu8cz1c.mp3,./data/data/frames\saxophone acoustic_guitar\5GpXUu8cz1c.mp4,1246
./data/data/audio\acoustic_guitar\ZANyOBEWiJA.mp3,./data/data/frames\acoustic_guitar\ZANyOBEWiJA.mp4,1585
./data/data/audio\clarinet\GQGBzVaDTmM.mp3,./data/data/frames\clarinet\GQGBzVaDTmM.mp4,690
./data/data/audio\accordion\Ct-SQmiA31s.mp3,./data/data/frames\accordion\Ct-SQmiA31s.mp4,167
./data/data/audio\erhu\GtQixP8bAk8.mp3,./data/data/frames\erhu\GtQixP8bAk8.mp4,1030
./data/data/audio\cello acoustic_guitar\mjL-XSxiu5k.mp3,./data/data/frames\cello acoustic_guitar\mjL-XSxiu5k.mp4,1921
./data/data/audio\violin\ZFuLPm6-kVw.mp3,./data/data/frames\violin\ZFuLPm6-kVw.mp4,291
./data/data/audio\xylophone\DGn7xcsxMPk.mp3,./data/data/frames\xylophone\DGn7xcsxMPk.mp4,1033
./data/data/audio\acoustic_guitar\Czn6lg--pRw.mp3,./data/data/frames\acoustic_guitar\Czn6lg--pRw.mp4,1588
./data/data/audio\accordion\iB17xqmFw3A.mp3,./data/data/frames\accordion\iB17xqmFw3A.mp4,1587
./data/data/audio\cello acoustic_guitar\6CTOaH3qQKY.mp3,./data/data/frames\cello acoustic_guitar\6CTOaH3qQKY.mp4,1335
./data/data/audio\tuba\aerJoJj--HU.mp3,./data/data/frames\tuba\aerJoJj--HU.mp4,1160
./data/data/audio\flute\WNeHlya4VnQ.mp3,./data/data/frames\flute\WNeHlya4VnQ.mp4,740
./data/data/audio\tuba\C952gmBlkIU.mp3,./data/data/frames\tuba\C952gmBlkIU.mp4,1240
./data/data/audio\flute\f1a-JF06840.mp3,./data/data/frames\flute\f1a-JF06840.mp4,1307
./data/data/audio\erhu\HOUBn-wHcwQ.mp3,./data/data/frames\erhu\HOUBn-wHcwQ.mp4,1087
./data/data/audio\accordion\vhVtX8F0-BY.mp3,./data/data/frames\accordion\vhVtX8F0-BY.mp4,974
./data/data/audio\saxophone acoustic_guitar\aIUPFTDzj5g.mp3,./data/data/frames\saxophone acoustic_guitar\aIUPFTDzj5g.mp4,934
./data/data/audio\tuba\GPh_9jtWub8.mp3,./data/data/frames\tuba\GPh_9jtWub8.mp4,569
./data/data/audio\erhu\6d0tmb28kV4.mp3,./data/data/frames\erhu\6d0tmb28kV4.mp4,455
./data/data/audio\acoustic_guitar\HaX5E66eW24.mp3,./data/data/frames\acoustic_guitar\HaX5E66eW24.mp4,1283
./data/data/audio\saxophone acoustic_guitar\lTu6hayHl5k.mp3,./data/data/frames\saxophone acoustic_guitar\lTu6hayHl5k.mp4,1850
./data/data/audio\clarinet\b9hVMnMfLoA.mp3,./data/data/frames\clarinet\b9hVMnMfLoA.mp4,193
./data/data/audio\tuba\W9VsprvJQAM.mp3,./data/data/frames\tuba\W9VsprvJQAM.mp4,830
./data/data/audio\acoustic_guitar\KOt3oARDH9I.mp3,./data/data/frames\acoustic_guitar\KOt3oARDH9I.mp4,1115
./data/data/audio\clarinet acoustic_guitar\hL2HmLVK8-Y.mp3,./data/data/frames\clarinet acoustic_guitar\hL2HmLVK8-Y.mp4,1753
./data/data/audio\clarinet\LPqBkF5NVSQ.mp3,./data/data/frames\clarinet\LPqBkF5NVSQ.mp4,1080
./data/data/audio\clarinet\WnUAJsk97k4.mp3,./data/data/frames\clarinet\WnUAJsk97k4.mp4,1022
./data/data/audio\clarinet\5HNlS9UFELE.mp3,./data/data/frames\clarinet\5HNlS9UFELE.mp4,351
./data/data/audio\violin\85KcVDCQLfc.mp3,./data/data/frames\violin\85KcVDCQLfc.mp4,1279
./data/data/audio\clarinet acoustic_guitar\NihlZckO34o.mp3,./data/data/frames\clarinet acoustic_guitar\NihlZckO34o.mp4,811
./data/data/audio\cello acoustic_guitar\D9lxLfTvrIs.mp3,./data/data/frames\cello acoustic_guitar\D9lxLfTvrIs.mp4,1889
./data/data/audio\saxophone\e5YNEk9Ye-o.mp3,./data/data/frames\saxophone\e5YNEk9Ye-o.mp4,532
./data/data/audio\xylophone\Jtq-HDS3Zdc.mp3,./data/data/frames\xylophone\Jtq-HDS3Zdc.mp4,692
./data/data/audio\clarinet\-PxCSCYT6rw.mp3,./data/data/frames\clarinet\-PxCSCYT6rw.mp4,237
./data/data/audio\tuba\UNFwNbFdiTI.mp3,./data/data/frames\tuba\UNFwNbFdiTI.mp4,705
./data/data/audio\accordion\0N26WnKiCIg.mp3,./data/data/frames\accordion\0N26WnKiCIg.mp4,1074
./data/data/audio\flute\MvPqp3oZwOk.mp3,./data/data/frames\flute\MvPqp3oZwOk.mp4,542
./data/data/audio\violin\GysCM0WBZzM.mp3,./data/data/frames\violin\GysCM0WBZzM.mp4,679
./data/data/audio\cello acoustic_guitar\m_sKRr_n1NE.mp3,./data/data/frames\cello acoustic_guitar\m_sKRr_n1NE.mp4,1728
./data/data/audio\erhu\-7l7M6vMm1k.mp3,./data/data/frames\erhu\-7l7M6vMm1k.mp4,723
./data/data/audio\saxophone acoustic_guitar\WdwN5-JrU7I.mp3,./data/data/frames\saxophone acoustic_guitar\WdwN5-JrU7I.mp4,1554
./data/data/audio\acoustic_guitar\7SPnwtQkUb4.mp3,./data/data/frames\acoustic_guitar\7SPnwtQkUb4.mp4,1831
./data/data/audio\flute\XlPvAkLT3Yw.mp3,./data/data/frames\flute\XlPvAkLT3Yw.mp4,1635
./data/data/audio\flute\tAuYNf2hqHU.mp3,./data/data/frames\flute\tAuYNf2hqHU.mp4,812
./data/data/audio\tuba\8sgzGhxw-tM.mp3,./data/data/frames\tuba\8sgzGhxw-tM.mp4,1030
./data/data/audio\cello\WVeheJFHQS4.mp3,./data/data/frames\cello\WVeheJFHQS4.mp4,1663
./data/data/audio\flute\cZoWhKTZTYY.mp3,./data/data/frames\flute\cZoWhKTZTYY.mp4,472
./data/data/audio\violin\-L5Bo-mWKCI.mp3,./data/data/frames\violin\-L5Bo-mWKCI.mp4,386
./data/data/audio\accordion\phwHB8nASOo.mp3,./data/data/frames\accordion\phwHB8nASOo.mp4,718
./data/data/audio\tuba\6pkShdDe9LU.mp3,./data/data/frames\tuba\6pkShdDe9LU.mp4,168
./data/data/audio\xylophone\EHKq3-zwphs.mp3,./data/data/frames\xylophone\EHKq3-zwphs.mp4,958
./data/data/audio\xylophone\6I846oP0E7Q.mp3,./data/data/frames\xylophone\6I846oP0E7Q.mp4,1567
./data/data/audio\xylophone\Sw8346DYwME.mp3,./data/data/frames\xylophone\Sw8346DYwME.mp4,543
./data/data/audio\flute\Wt40rzyGSBs.mp3,./data/data/frames\flute\Wt40rzyGSBs.mp4,876
./data/data/audio\violin\vYr0vft28Tg.mp3,./data/data/frames\violin\vYr0vft28Tg.mp4,1329
./data/data/audio\xylophone\apWmZcw_AMs.mp3,./data/data/frames\xylophone\apWmZcw_AMs.mp4,509
./data/data/audio\accordion\9tiymgwLnKE.mp3,./data/data/frames\accordion\9tiymgwLnKE.mp4,1112
./data/data/audio\acoustic_guitar violin\4EWZakWPgrk.mp3,./data/data/frames\acoustic_guitar violin\4EWZakWPgrk.mp4,1363
./data/data/audio\accordion\MnoQccPJbyM.mp3,./data/data/frames\accordion\MnoQccPJbyM.mp4,1892
./data/data/audio\cello\7RRqeIUqXPs.mp3,./data/data/frames\cello\7RRqeIUqXPs.mp4,1533
./data/data/audio\acoustic_guitar violin\1xWqVxZNf1Q.mp3,./data/data/frames\acoustic_guitar violin\1xWqVxZNf1Q.mp4,1421
./data/data/audio\tuba\G46O0IzYtt0.mp3,./data/data/frames\tuba\G46O0IzYtt0.mp4,519
./data/data/audio\erhu\C7K9dQHlViM.mp3,./data/data/frames\erhu\C7K9dQHlViM.mp4,1131
./data/data/audio\xylophone\0o22Fy2Hr3s.mp3,./data/data/frames\xylophone\0o22Fy2Hr3s.mp4,1819
./data/data/audio\accordion\OIBq0bBziuw.mp3,./data/data/frames\accordion\OIBq0bBziuw.mp4,1184
./data/data/audio\saxophone acoustic_guitar\ywH4K8mQ-1s.mp3,./data/data/frames\saxophone acoustic_guitar\ywH4K8mQ-1s.mp4,628
./data/data/audio\saxophone acoustic_guitar\1vZ-IKkcPL4.mp3,./data/data/frames\saxophone acoustic_guitar\1vZ-IKkcPL4.mp4,775
./data/data/audio\xylophone\oQJVBH6ST7o.mp3,./data/data/frames\xylophone\oQJVBH6ST7o.mp4,1571
./data/data/audio\saxophone acoustic_guitar\hslVlYk0WEc.mp3,./data/data/frames\saxophone acoustic_guitar\hslVlYk0WEc.mp4,1084
./data/data/audio\flute violin\Ua1zhXvO6Dk.mp3,./data/data/frames\flute violin\Ua1zhXvO6Dk.mp4,2210
./data/data/audio\tuba\LKMBOuDkEqo.mp3,./data/data/frames\tuba\LKMBOuDkEqo.mp4,297
./data/data/audio\acoustic_guitar violin\jr-coZHlWl8.mp3,./data/data/frames\acoustic_guitar violin\jr-coZHlWl8.mp4,1693
./data/data/audio\accordion\2WZsNZrbt6w.mp3,./data/data/frames\accordion\2WZsNZrbt6w.mp4,1381
./data/data/audio\saxophone acoustic_guitar\7baQOJtiFMc.mp3,./data/data/frames\saxophone acoustic_guitar\7baQOJtiFMc.mp4,459
./data/data/audio\acoustic_guitar violin\Fif2-OjH-8A.mp3,./data/data/frames\acoustic_guitar violin\Fif2-OjH-8A.mp4,1210
./data/data/audio\clarinet\focoWBYg16w.mp3,./data/data/frames\clarinet\focoWBYg16w.mp4,1195
./data/data/audio\accordion\KC2RgtW4IZ0.mp3,./data/data/frames\accordion\KC2RgtW4IZ0.mp4,568
./data/data/audio\accordion\6hQHOZNwfRs.mp3,./data/data/frames\accordion\6hQHOZNwfRs.mp4,1305
./data/data/audio\saxophone acoustic_guitar\-ieHd2A9vOg.mp3,./data/data/frames\saxophone acoustic_guitar\-ieHd2A9vOg.mp4,3000
./data/data/audio\acoustic_guitar\8LU-kq19V3Y.mp3,./data/data/frames\acoustic_guitar\8LU-kq19V3Y.mp4,745
./data/data/audio\acoustic_guitar violin\yoCJxgwzJy0.mp3,./data/data/frames\acoustic_guitar violin\yoCJxgwzJy0.mp4,2451
./data/data/audio\cello acoustic_guitar\HnUOaSfTA6c.mp3,./data/data/frames\cello acoustic_guitar\HnUOaSfTA6c.mp4,2096
./data/data/audio\trumpet\nKc4srJBgYU.mp3,./data/data/frames\trumpet\nKc4srJBgYU.mp4,371
./data/data/audio\violin\nyOkMXal0yA.mp3,./data/data/frames\violin\nyOkMXal0yA.mp4,1391
./data/data/audio\accordion\ZoE25YHTGDQ.mp3,./data/data/frames\accordion\ZoE25YHTGDQ.mp4,1021
./data/data/audio\cello\R6M2LLmUg1k.mp3,./data/data/frames\cello\R6M2LLmUg1k.mp4,894
./data/data/audio\acoustic_guitar violin\vEOyhF8KLPE.mp3,./data/data/frames\acoustic_guitar violin\vEOyhF8KLPE.mp4,1359
./data/data/audio\clarinet\JnAAzR4XZ-I.mp3,./data/data/frames\clarinet\JnAAzR4XZ-I.mp4,357
./data/data/audio\tuba\SDR39fhyZRI.mp3,./data/data/frames\tuba\SDR39fhyZRI.mp4,834
./data/data/audio\accordion\XZ1rUpbdu-Y.mp3,./data/data/frames\accordion\XZ1rUpbdu-Y.mp4,420
./data/data/audio\clarinet acoustic_guitar\3Y2vbEwMkeQ.mp3,./data/data/frames\clarinet acoustic_guitar\3Y2vbEwMkeQ.mp4,1374
./data/data/audio\violin\BMhnTdy-A0M.mp3,./data/data/frames\violin\BMhnTdy-A0M.mp4,379
./data/data/audio\trumpet\rZYf9Dl8ew0.mp3,./data/data/frames\trumpet\rZYf9Dl8ew0.mp4,410
./data/data/audio\erhu\V9rjOI5YEDE.mp3,./data/data/frames\erhu\V9rjOI5YEDE.mp4,954
./data/data/audio\tuba\BabDKZLYlyE.mp3,./data/data/frames\tuba\BabDKZLYlyE.mp4,286
./data/data/audio\xylophone acoustic_guitar\vBgwzJYJ5yk.mp3,./data/data/frames\xylophone acoustic_guitar\vBgwzJYJ5yk.mp4,2902
./data/data/audio\acoustic_guitar\TzbeCt4_LFc.mp3,./data/data/frames\acoustic_guitar\TzbeCt4_LFc.mp4,1725
./data/data/audio\violin\X2hHGcwLPhs.mp3,./data/data/frames\violin\X2hHGcwLPhs.mp4,734
./data/data/audio\cello\1Ju4S0qeDqw.mp3,./data/data/frames\cello\1Ju4S0qeDqw.mp4,1376
./data/data/audio\clarinet acoustic_guitar\4oCTFMSUFlA.mp3,./data/data/frames\clarinet acoustic_guitar\4oCTFMSUFlA.mp4,1339
./data/data/audio\accordion\qMFYRw0uZ_E.mp3,./data/data/frames\accordion\qMFYRw0uZ_E.mp4,1777
./data/data/audio\erhu\XvnFhocZ6qM.mp3,./data/data/frames\erhu\XvnFhocZ6qM.mp4,1697
./data/data/audio\xylophone\5p7L6Ufypuk.mp3,./data/data/frames\xylophone\5p7L6Ufypuk.mp4,172
./data/data/audio\acoustic_guitar violin\WeeRb3LMb8E.mp3,./data/data/frames\acoustic_guitar violin\WeeRb3LMb8E.mp4,1098
./data/data/audio\saxophone acoustic_guitar\DshS7-Mn9dM.mp3,./data/data/frames\saxophone acoustic_guitar\DshS7-Mn9dM.mp4,2608
./data/data/audio\acoustic_guitar\HPyM9xzrih0.mp3,./data/data/frames\acoustic_guitar\HPyM9xzrih0.mp4,1066
./data/data/audio\flute\7Zudy1bw7bw.mp3,./data/data/frames\flute\7Zudy1bw7bw.mp4,1521
./data/data/audio\clarinet\TREfn2OfujU.mp3,./data/data/frames\clarinet\TREfn2OfujU.mp4,427
./data/data/audio\tuba\V9NILCtoTkc.mp3,./data/data/frames\tuba\V9NILCtoTkc.mp4,426
./data/data/audio\clarinet acoustic_guitar\xkq-VyAzFHc.mp3,./data/data/frames\clarinet acoustic_guitar\xkq-VyAzFHc.mp4,1027
./data/data/audio\erhu\GH8dcVpkhc0.mp3,./data/data/frames\erhu\GH8dcVpkhc0.mp4,1307
